,Name of institution,Designated learning institution number (DLI #),City,Campuses,Offers PGWP-eligible programs
0,"A1-Global College of Health, Business, and Technology",O19394699296,"Mississauga, Scarborough, Hamilton","East Campus, West Campus, Scarborough Campus, Hamilton Campus",No
1,ABC Access Business College,O242732890457,Brampton,Brampton,No
2,ABC Access Business College,O242732890457,North York,North York,No
3,ABM College of Health and Technology,O284235625552,Toronto,,No
4,Académie de Dessin de Mode Richard Robinson Academy of Fashion Design,O119063232417,Ottawa,Ottawa,No
5,Academy of Applied Pharmaceutical Sciences (AAPS) Inc.,O19376386952,Toronto,Toronto,No
6,Academy of Learning,O19359144722,Brampton,"Brampton, Mississauga",No
7,Academy of Learning Career and Business College,O147996700392,North York,North York,No
8,Academy of Learning Career and Business College,O147996700392,Oshawa,Oshawa,No
9,Academy of Learning Career and Business College,O260518481572,Fort Erie,Fort Erie,No
10,Academy of Learning Career and Business College,O260328722832,Owen Sound,Owen Sound,No
11,Academy of Learning Career and Business College,O139832935932,Toronto,Toronto,No
12,Academy of Learning Career and Business College,O139832935932,Scarborough,Scarborough,No
13,Academy of Learning Career and Business College,O132633122837,Belleville,Belleville,No
14,Academy of Learning Career and Business College,O112937383987,Etobicoke,Etobicoke,No
15,Academy of Learning Career and Business College,O19516732252,Scarborough,Lawrence Campus,No
16,Academy of Learning Career and Business College,O19859544417,Toronto,Bay/Queen,No
17,Academy of Learning Career and Business College,O19303790322,"Kingston, Mississauga","Kingston Campus, Mississauga Campus",No
18,Academy of Learning Career and Business College,O262792573012,Brampton,Brampton,No
19,Academy of Learning College,O128609354927,Ottawa,Ottawa,No
20,Academy of Learning College,O19305245022,Hamilton,Hamilton Campus,No
21,ACE Acumen Academy,O242529990457,Brampton,Brampton,No
22,ACE Acumen Academy,O242529990457,Toronto,1440 Don Mills Rd. (Kern Rd. Campus),No
23,ACE Acumen Academy,O242529990457,Toronto,1446 Don Mills Rd.,No
24,ACE Acumen Academy,O242529990457,Mississauga,Mississauga,No
25,Adler Graduate Professional School,O19376414752,Toronto,Toronto,Yes(details)
26,"Affirm College of Healthcare, Culinary Arts, Business and Technology",O136578032172,Hamilton,Hamilton,No
27,Ahmadiyya Muslim Jama’at Canada Inc.,O114556020427,Maple,Maple,No
28,AIM Academy,O19396261561,Toronto,Toronto,No
29,AIMS College Healthcare Management Technology,O135631727752,Mississauga,Mississauga,No
30,Algoma University,O19395422197,Brampton,Algoma at Brampton,Yes
31,Algoma University,O19395422197,Sault Ste. Marie,Main Campus,Yes
32,Algoma University,O19395422197,Timmins,Algoma at Timmins,Yes
33,Algonquin Careers Academy,O19329829942,Ottawa,Ottawa,No
34,Algonquin College,O19358971022,Ottawa,Algonquin College of Applied Arts and Technology,Yes
35,Algonquin College,O19358971022,Pembroke,"Algonquin College of Applied Arts and Technology, Pembroke Campus",Yes
36,Algonquin College,O19358971022,Perth,"Algonquin College of Applied Arts and Technology, Perth Campus",Yes
37,"Algonquin College at CDI College Business, Technology and Healthcare",O273223369382,Brampton,Brampton,No (details)
38,"Algonquin College at CDI College Business, Technology and Healthcare",O273223369382,Mississauga,Mississauga,No (details)
39,"Algonquin College at CDI College Business, Technology and Healthcare",O273223369382,North York,North York,No (details)
40,"Algonquin College at CDI College Business, Technology and Healthcare",O273223369382,Scarborough,Scarborough,No (details)
41,Alpha College of Business and Technology,O19555982922,Scarborough,Scarborough,No
42,Alpha College of Business and Technology,O19555982922,Mississauga,Mississauga,No
43,"Anderson College of Health, Business and Technology",O19711641837,Hamilton,Hamilton,No
44,"Anderson College of Health, Business and Technology",O19711641837,Mississauga,Mississauga,No
45,"Anderson College of Health, Business and Technology",O19711641837,Toronto,Toronto,No
46,"Anderson College of Health, Business and Technology",O19386060342,Toronto,"Downtown, North York",No
47,"Anderson College of Health, Business and Technology",O19516877052,London,"Brantford, Kitchener, London, Windsor",No
48,"Anderson College, Health, Business & Technology",O19319175222,Mississauga,Mississauga,No
49,APlus Institute,O19304163112,Toronto,Toronto,No
50,Art & Technique Academy of Hairstyling and Esthetics,O19530458702,Oshawa,Oshawa Campus,No
51,Atlantic Career College,O156781197282,Brampton,Brampton,No
52,Avola College Of Hairstyling and Esthetics,O116458043605,Toronto,Toronto,No
53,Bay College of Health Business and Technology,O136148508342,Toronto,Toronto,No
54,Bayswater Toronto,O19516888332,Toronto,Toronto,No
55,Beta College of Business and Technology,O124136581227,"Mississauga,
Brampton","Mississauga,
Brampton",No
56,BITTS International Career College,O118231504027,Brampton,Brampton,No
57,BITTS International Career College,O118231504027,Mississauga,Mississauga,No
58,"BizTech College of Health Sciences, Business & Technology",O19304029082,Mississauga,Mississauga,No
59,Brampton Flight Centre,O19303958082,Caledon,Caledon,"Yes (details
for Flight schools
)"
60,Brampton Skin Care Academy Inc.,O260429274962,Brampton,Brampton,No
61,Brantford Flight Centre,O138135814462,Brantford,Brantford,No
62,Brock University,O19394569014,Hamilton,Hamilton Campus,Yes
63,Brock University,O19394569014,St. Catharines,Main Campus,Yes
64,Bryan College of Applied Health & Business Sciences,O116458952783,Toronto,Toronto,No
65,Business and Technical Training College Inc.,O112370832787,North York,North York,No
66,C.C.E.C. Canadian Career Education College Ltd,O262228554872,Vaughan,Vaughan,No
67,Cambrian College of Applied Arts and Technology,O19394699409,Sudbury,Main Campus,Yes
68,"Cambrian College of Applied Arts and Technology at Hanson College of Business, Health and Technology",O297964694655,Brampton,Brampton,No (details)
69,"Cambrian College of Applied Arts and Technology at Hanson College of Business, Health and Technology",O297964694655,Toronto,Toronto,No (details)
70,Can-AIM Careers Academy,O263851487422,Toronto,Toronto,No
71,Canada Christian College & School of Graduate Theological Studies,O19857659067,Toronto,Toronto,Yes(details)
72,Canada College of Education,O19833653497,Toronto,Toronto,No
73,Canada’s National Ballet School,O19361087992,Toronto,Toronto,No
74,Canadian Academy of Dental Health & Community Sciences,O118203132467,Mississauga,Mississauga,No
75,Canadian All Care College,O19350533892,Toronto,"Scarborough Campus, Toronto Campus",No
76,Canadian Automotive & Trucking Institute,O19527255662,Cambridge,Cambridge,No
77,Canadian Beauty College,O19361295922,Newmarket,Newmarket,No
78,Canadian Beauty College,O19315968872,Vaughan,Vaughan,No
79,Canadian Beauty College,O116263336197,Toronto,Toronto,No
80,Canadian Business College,O19556076972,Mississauga,Mississauga,No
81,Canadian Business College,O19556076972,Toronto,"Scarborough Campus, Toronto Campus",No
82,Canadian Business Skills College of Technology,O19332510172,Markham,Markham,No
83,Canadian Care Academy Inc,O146590164562,Toronto,Toronto,No
84,Canadian Casino Gaming College Ltd.,O156787010372,Mississauga,Mississauga,No
85,Canadian College for Higher Studies,O19283878482,Scarborough,Scarborough,No
86,"Canadian College of Business, Science & Technology",O19376450572,Brampton,"Brampton, Mississauga, North York, Scarborough",No
87,Canadian College of Educators,O19303896162,Mississauga,Mississauga,No
88,"Canadian College of Health, Science and Technology",O19395677987,Windsor,Windsor,No
89,Canadian College of Healthcare and Pharmaceutics,O278286722242,Toronto,Toronto,No
90,Canadian College of Homeopathic Medicine,O143265597512,Toronto,"Toronto, Victoria College",No
91,Canadian College of Naturopathic Medicine,O19305338292,Toronto,Toronto,"Yes (details
for canadian-college-naturopathic-medicine.html
)"
92,Canadian College of Traditional Chinese Medicine,O149359252282,Mississauga,Mississauga,No
93,Canadian Flyers International College,O155749315612,Markham,Markham,Yes (details)
94,Canadian Forces College,O19994256968,North York,North York,Yes
95,Canadian International Career College,O263819541542,Toronto,Toronto,No
96,Canadian Memorial Chiropractic College (CMCC),O19359174402,Toronto,Toronto,"Yes (details
for Canadian Memorial Chiropractic College (CMCC)
)"
97,Canadian National Institute of Health Inc.,O19394699911,Ottawa,Ottawa,No
98,Canadian Natural Therapist and Aesthetics Academy,O260787487202,North York,North York,No
99,Canadian Reformed Theological Seminary,O19395677259,Hamilton,Hamilton,Yes(details)
100,Canadian School of Natural Nutrition,O263151451182,Toronto,Toronto,No
101,Canadian Scitech College,O145728886632,Toronto,Toronto,No
102,Canadian Technical and Management College,O260907081662,Milton,Milton,No
103,Canadore College,O19395535239,North Bay,"Aviation Campus, College Drive Campus/The Education Centre, Commerce Court Campus, Main Campus",Yes
104,Canadore College at Stanford International College of Business and Technology,O296913291752,Mississauga,Mississauga,No (details)
105,Canadore College at Stanford International College of Business and Technology,O296913291752,Brampton,Brampton,No (details)
106,Canadore College at Stanford International College of Business and Technology,O296913291752,Scarborough,Scarborough,No (details)
107,Canadore College at Stanford International College of Business and Technology,O296913291752,Toronto,Toronto,No (details)
108,Canadore College of Applied Arts and Technology,O19395535239,Parry Sound,West Parry Sound Campus,Yes
109,"CanNorth College of Health, Business and Technology",O127883500507,Markham,Markham,No
110,Capital English Solutions and Mentora College of Business & Technology,O116458043402,Toronto,Toronto,No
111,Career College Group,O19361153702,London,Highbury Campus,No
112,Career College Group,O19361153702,Brampton,Brampton Campus,No
113,Career College Group,O19361153702,Toronto,"North York Campus, Scarborough Campus",No
114,CareerQuest Inc.,O256568575757,Toronto,"Toronto, Mississauga",No
115,Carleton University,O19332687812,Ottawa,Ottawa,Yes
116,"CDI College of Business, Technology and Healthcare",O19394924591,Toronto,"Brampton, Mississauga, North York, Scarborough",No
117,Centennial College,O19394700003,Toronto,"Ashtonbee Campus, Morningside Campus, Progress Campus & Student Residence, The Centre for Creative Communications, Main Campus",Yes
118,Central College of Business and Technology,O246851123527,Mississauga,Mississauga,No
119,Central Health Institute Inc.,O278274114812,Hamilton,Hamilton,No
120,Centre of English Studies,O19517085782,Toronto,Toronto,No
121,Certcana Systems Institute,O257702593357,Scarborough,Scarborough,No
122,Cestar College of Business Health & Technology,O19283870732,Toronto,Toronto,No
123,Chef School,O19284163112,Mississauga,Mississauga,No
124,Chellsey Institute of Beauty and Health Inc.,O19394851105,Burlington,Burlington,No
125,Chellsey Institute of Beauty and Health Inc.,O19394851105,Mississauga,Mississauga,No
126,CIMT College,O19304117342,"Brampton, Mississauga, Scarborough","Brampton,
Mississauga (Dundas Street),
Mississauga (Goreway Drive),
Mississauga (Slough Street),
Scarborough",No
127,CITI College of Canadian Careers,O19304574722,Mississauga,Mississauga,No
128,CITI College of Canadian Careers,O19304574722,Toronto,Toronto,No
129,"City College of Business, Health & Technology",O124137834427,North York,North York,No
130,CJ Health Care College,O134227229202,Toronto,"Toronto, Etobicoke",No
131,"CLI College of Business, Health & Technology",O129494912147,Toronto,Toronto,No
132,CLLC Inc.,O213116733767,Ottawa,Ottawa,No
133,CLLC Inc.,O213116733767,Toronto,Toronto,No
134,CMU College of Makeup Art and Design,O19305293142,Toronto,Lombard Street and Adelaide Street East,No
135,Collège Boréal,O19395678039,Barrie,Centre d’Accès Barrie,Yes
136,Collège Boréal,O19395678039,Sudbury,Campus Principal,Yes
137,Collège Boréal,O19395678039,Toronto,Campus de Toronto,Yes
138,Collège Boréal,O19395678039,Windsor,Centre d’Accès Windsor,Yes
139,Collège Boréal,O19395678039,Alfred,Campus d’Alfred,Yes
140,Collège Boréal,O19395678039,Hamilton,Centre d’Accès Hamilton,Yes
141,Collège Boréal,O19395678039,Hearst,Collège Boréal Hearst,Yes
142,Collège Boréal,O19395678039,Kapuskasing,Campus de Kapuskasing,Yes
143,Collège Boréal,O19395678039,London,Centre d’Accès London,Yes
144,Collège Boréal,O19395678039,New Liskeard,Campus de Témiskaming,Yes
145,Collège Boréal,O19395678039,Niagara,Centre d’Accès Niagara,Yes
146,Collège Boréal,O19395678039,Sturgeon Falls,Campus de Nipissing,Yes
147,Collège Boréal,O19395678039,Timmins,Campus de Timmins,Yes
148,Collège Boréal,O19395678039,Ottawa,Université Saint-Paul University,Yes
149,College of Health Studies,O272071922252,Brampton,Brampton,No
150,College of Traditional Chinese Medicine Canada,O19376203332,Scarborough,Scarborough,No
151,Computek College of Business Healthcare and Technology,O19394699328,Ajax,Ajax,No
152,Computek College of Business Healthcare and Technology,O19394699328,Markham,Markham Campus,No
153,Computek College of Business Healthcare and Technology,O19394699328,Toronto,Toronto Campus,No
154,Conbridge College of Business and Technology,O273821572182,North York,North York,No
155,Conestoga College,O19376158572,Milton,Milton Campus,Yes
156,Conestoga College,O19376158572,Kitchener,"Kitchener Campus, Doon Campus",Yes
157,Conestoga College,O19376158572,Guelph,Guelph Campus,Yes
158,Conestoga College,O19376158572,Brantford,Brantford Campus,Yes
159,Conestoga College,O19376158572,Cambridge,"Cambridge Campus (Fountain Street South Campus);
Cambridge Campus (Reuter Drive Campus).",Yes
160,Conestoga College,O19376158572,Ingersoll,Ingersoll Campus,Yes
161,Conestoga College,O19376158572,Stratford,Stratford Campus,Yes
162,Conestoga College,O19376158572,Waterloo,Waterloo Campus,Yes
163,Confederation College,O19376986752,Thunder Bay,Main Campus,Yes
164,Confederation College,O19376986752,Dryden,Dryden Campus,Yes
165,Confederation College,O19376986752,Fort Frances,Rainy River District Campus,Yes
166,Confederation College,O19376986752,Geraldton,Greenstone Campus,Yes
167,Confederation College,O19376986752,Kenora,Lake of the Woods Campus,Yes
168,Connect International School,O19516905192,Toronto,Toronto,No
169,Conrad Grebel University College,O19305471522,Waterloo,Affiliated with the University of Waterloo.,Yes
170,Cornwall Aviation (1979) Ltd.,O19394924449,Summerstown,Summerstown,Yes (details)
171,CRD College of Health Care,O19283941562,Mississauga,Mississauga,No
172,CTS Canadian Career College,O244926829077,Sault Ste. Marie,Sault Ste. Marie,No
173,CTS Canadian Career College,O244926829077,Barrie,Barrie,No
174,CTS Canadian Career College Inc,O244926829077,North Bay,North Bay,No
175,CTS Canadian Career College Inc,O244926829077,Sudbury,Sudbury,No
176,CTS Canadian Career College Inc,O244926829077,Sudbury,Modern College of Hairstyling and Esthetics,No
177,Dan Robert College of Health Care,O19332734842,Toronto,Toronto,No
178,Diamond Flight Centre London Inc.,O258211997542,London,London,"Yes (details
for Flight schools
)"
179,Dominican University College,O19361087792,Ottawa,Ottawa,Yes
180,Dominion College of Business Health and Technology Inc.,O134304400382,Toronto,"Toronto, Brampton",No
181,"Don Mills Career College for Health, Business and Technology",O19361109752,Toronto,Toronto,No
182,Durham College,O19361081012,Oshawa,Oshawa Campus,Yes
183,Durham College,O19361081012,Pickering,Pickering Campus,Yes
184,Durham College,O19361081012,Whitby,Whitby Campus,Yes
185,Durham Flight Centre Inc.,O142270514172,Oshawa,Oshawa,Yes
186,Eastview College Business Health Technology,O116456456218,Brampton,Brampton,No
187,EC Toronto,O19351820052,Toronto,Toronto,No
188,Edge Academy,O136988539452,Burlington,Burlington,No
189,EF International Language Centres,O19333134952,Toronto,Toronto,No
190,Eight Branches Inc.,O211893372327,Toronto,Toronto,No
191,Eikonic Academy of Barbering and Beauty,O284422786562,Mississauga,Mississauga,No
192,"Elite College of Business and Healthcare
ON",O152989030622,Richmond Hill,Richmond Hill,No
193,Elite Royal International Career College,O152852392842,Scarborough,Scarborough,No
194,Emmanuel College of Victoria University,O19359108312,Toronto,Toronto,Yes
195,Empire College Canada of Health and Business Inc.,O153036154032,Brampton,Brampton,No
196,English Encounters Inc.,O19283938092,Burlington,Burlington,No
197,Epic College of Technology Inc.,O267687011662,Mississauga,Mississauga,No
198,Ethnos Canada,O111244519157,Durham,NTM Canada Missionary Training Centre,No
199,Evergreen College,O19304591592,"Toronto,
Oakville, Scarborough","Toronto, West Campus, Yorkmills, Scarborough",No
200,FaithWay Baptist College of Canada,O256014050387,Ajax,Ajax,Yes(details)
201,Fanshawe College,O19361039982,London,"London Main Campus,
London Downtown Campus,
London South Campus,
Huron/Bruce Regional Sites – Clinton Centre,
Simcoe/Norfolk Campus,
St. Thomas/Elgin Campus,
Woodstock/Oxford County",Yes
202,Fanshawe College at ILAC International College,O271444185572,Toronto,"Toronto, Bay Street Campus",No (details)
203,Flair College of Management and Technology,O19800346567,Brampton,Brampton,No
204,Flair College of Management and Technology,O19800346567,Vaughan,Vaughan,No
205,Fleming College,O19303189722,Cobourg,Cobourg Campus,Yes
206,Fleming College,O19303189722,Haliburton,Haliburton Campus,Yes
207,Fleming College,O19303189722,Lindsay,Frost Campus,Yes
208,Fleming College,O19303189722,Peterborough,Sutherland Campus,Yes
209,Fleming College at Trebas Institute Ontario Inc.,O274495147192,Toronto,"90 Eglington Ave W Campus,
124 Eglington Ave W Campus",No (details)
210,Foundation for Montessori Education,O19395535573,Toronto,Toronto,No
211,Freedom College of Business Healthcare and Technology Inc,O142386072212,Toronto,Toronto,No
212,"Futures Canadian College of Business, Health and Technology",O135634495162,Mississauga,Mississauga,No
213,George Brown College,O19283850612,Toronto,"Casa Loma Campus, Ryerson University Campus, St. James Campus, Waterfront Campus, Young Centre for Performing Arts",Yes
214,Georgian College,O19395677361,Barrie,Barrie Campus,Yes
215,Georgian College,O19395677361,Bracebridge,Muskoka Campus,Yes
216,Georgian College,O19395677361,Midland,Midland Campus,Yes
217,Georgian College,O19395677361,Orangeville,Orangeville Campus,Yes
218,Georgian College,O19395677361,Orillia,Orillia Campus,Yes
219,Georgian College,O19395677361,Owen Sound,Owen Sound Campus,Yes
220,Georgian College,O19395677361,South Georgian Bay,South Georgian Bay Campus,Yes
221,Georgian College at ILAC International College,O145776118272,Toronto,"920 Yonge Street Campus,
425 Bloor Street Campus,
120 Bloor Street Campus",No (details)
222,Gestalt Institute of Toronto,O116264030217,Toronto,Toronto,No
223,Glow College of Artistic Design,O150239515282,"Brampton, Kitchener","Brampton, Kitchener",No
224,Great Lakes Helicopter Corp.,O19516933662,Breslau,Breslau,"Yes (details
for Flight schools
)"
225,Greystone College of Business and Technology (Toronto) Inc.,O19376982302,Toronto,Toronto,No
226,Hamilton Institute for Health Personnel,O19303336332,Hamilton,Hamilton,No
227,Hansa Language Centre,O19361318822,Toronto,"Eglinton Campus, Yonge Campus",No
228,"Hanson College of Business, Health and Technology",O19375796852,Brampton,Brampton Campus,No
229,"Hanson College of Business, Health and Technology",O19375796852,Toronto,"Toronto Campus
Hanson Language School Campus",No
230,Harris Institute,O19331451562,Toronto,Toronto,No
231,Heartland International English School,O141526185312,Mississauga,Mississauga,No
232,Helicopters Canada,O212628957297,North Bay,Canadore College Aviation Campus,"Yes (details
for Flight schools
)"
233,Heritage College & Seminary,O110124108754,Cambridge,Cambridge,Yes(details)
234,Herzing College,O19397544252,Ottawa,Ottawa Campus,No
235,Herzing College,O19397544252,Toronto,Toronto Campus,No
236,Humber College,O19376943122,Toronto,"Humber Lakeshore Campus, Humber North Campus",Yes
237,Humber College,O19376943122,Orangeville,Orangeville,Yes
238,Humber International Graduate School,O19376943122,Toronto,Toronto,Yes
239,Huron University College,O19332573852,London,London,Yes
240,IBT College Business Travel & Tourism Technology,O19359074332,Toronto,Toronto,No
241,ILAC - International Language Academy of Canada,O19319227442,Toronto,"Bloor Street East Location, College Street Location, Main Location, ILAC Cumberland Campus,Bay Street Location",No
242,ILAC International College Ltd o/a ILAC International College,O19319417742,Toronto,"Cumberland Campus, Bloor Street East Campus, College Street Campus, Toronto, Bay Street Campus",No
243,ILSC Toronto,O19375697742,Toronto,"Bloor Street West, University Avenue",No
244,Institute for Advanced Judaic Studies,O19361109472,Toronto,Toronto,Yes(details)
245,Institute for Christian Studies,O19527186232,Toronto,Toronto,Yes(details)
246,Institute of Machine Tool Technology,O19333120432,Mississauga,Mississauga,No
247,International Beauty Institute,O112063748307,Mississauga,Mississauga,No
248,International Business University,O282326631372,Toronto,Downtown Campus,Yes (details)
249,International Business University,O282326631372,North York,North York Campus,Yes (details)
250,International Centre for English for Academic Preparation Inc,O136931269542,Toronto,Toronto,No
251,International Centre for English for Academic Preparation Inc.,O136931269542,London,London,No
252,International Institute of Travel and Business,O110096841789,Toronto,Toronto,No
253,International Test Pilots School,O132382217337,London,London,Yes (details)
254,JRS College of Business and Health Care Inc,O19396019413,Toronto,Toronto,No
255,Jyot’s Aesthetics Academy,O139835841562,Brampton,Brampton,No
256,Kaplan International Languages,O19527292642,Toronto,Toronto,No
257,Kikkawa College,O19351067522,Toronto,Toronto,No
258,King’s University College,O19376872842,London,London,Yes
259,Knox College,O19859651317,Toronto,Toronto,Yes
260,La Cité collégiale,O19395422135,Alfred,Campus d’Alfred,Yes
261,La Cité collégiale,O19395422135,Hawkesbury,Campus de Hawkesbury,Yes
262,La Cité collégiale,O19395422135,Ottawa,"Campus Alphonse-Desjardins, Campus principal, Université d’Ottawa (Collaboratif)",Yes
263,Lakehead University,O19396019447,Thunder Bay,Main Campus,Yes
264,Lakehead University,O19396019447,Orillia,Orillia Campus,Yes
265,Lambton College,O19305293332,Ottawa,Saint Paul University Campus,Yes
266,Lambton College,O19305293332,Sarnia,Main Campus,Yes
267,Lambton College at Cestar College of Business Health & Technology,O297974377861,Toronto,Toronto,No (details)
268,"Lambton College at Queen's College of Business, Technology & Public Safety",O297969326252,Mississauga,Mississauga,No (details)
269,Language Studies International (Canada) Ltd.,O19332668052,Toronto,Toronto,No
270,Laurentian University,O19304259382,Sudbury,Sudbury Campus,Yes
271,Laurentian University,O19304259382,Timmins,Northern College (Collaborative),Yes
272,Le Cordon Bleu Ottawa Culinary Arts Institute,O19395083461,Ottawa,Ottawa,No
273,Liaison College,O19800254657,Brampton,Brampton Campus,No
274,Liaison College at Pasqualino,O153092198812,Milton,ON,No
275,Lighthouse Labs,O269318935102,Toronto,Toronto,No
276,London Language Institute,O19304551432,London,London,No
277,Looks Aesthetic Academy,O152845564762,Mississauga,Mississauga,No
278,Loyalist College,O19359011572,Port Hope,Port Hope Campus,Yes
279,Loyalist College,O19359011572,Bancroft,Bancroft Campus,Yes
280,Loyalist College,O19359011572,Belleville,Main Campus,Yes
281,Loyalist College at Toronto Business College,O264223510342,Toronto,Toronto Campus,No (details)
282,MacMillian Institute of Applied Health Sciences,O148299012272,Toronto,Toronto,No
283,MAG Canada,O124449542367,Garson,Garson,"Yes (details
for Flight schools
)"
284,Maple Wings Flight Centre,O117758925477,St.Thomas,St.Thomas,"Yes (details
for Flight schools
)"
285,Marca College of Hair and Esthetics,O145499213302,Markham,Toronto,No
286,Master’s College and Seminary,O19395535645,Peterborough,Peterborough,Yes(details)
287,"Max the Mutt College of Animation, Art & Design",O19305316242,Toronto,Toronto,No
288,McMaster Divinity College,O19395535687,Hamilton,Hamilton,Yes
289,McMaster University,O19395535729,Hamilton,"Downtown Centre, McMaster Innovation Park, Main Campus, McMaster Nursing at Mohawk (Collaborative)",Yes
290,McMaster University,O19395535729,Burlington,DeGroote School of Business,Yes
291,McMaster University,O19395535729,Kitchener,"McMaster Nursing at Conestoga (Collaborative), Waterloo Regional Campus",Yes
292,McMaster University,O19395535729,St. Catharines,Niagara Regional Campus,Yes
293,Metalworks Institute of Sound & Music Production,O110123589171,Mississauga,Mississauga,No
294,Metro College of Technology,O260421248262,Toronto,Toronto,No
295,Metrocare Health Academy,O265424309392,North York,North York,No
296,Miami Ad School Toronto,O266157303742,Toronto,Toronto,No
297,Mississauga Career College,O262025367662,Mississauga,Mississauga,No
298,"MLC College of Business, Technology and Healthcare",O19607783802,Mississauga,Mississauga,No
299,Mohawk College,O19376045902,Brantford,Mohawk Laurier Campus,Yes
300,Mohawk College,O19376045902,Stoney Creek,"Stoney Creek Campus (Skilled Trades and Apprenticeship Research, Resources and Training Institute)",Yes
301,Mohawk College,O19376045902,Hamilton,"Fennell Campus, Institute for Applied Health Sciences",Yes
302,Mohawk College of Applied Arts and Technology at triOS College Business Technology Healthcare Inc,O147603778042,Mississauga,Mississauga,No (details)
303,National Academy of Health & Business,O19711641837,Toronto,Toronto,No
304,National Academy of Health & Business,O19711641837,Hamilton,Hamilton,No
305,National Academy of Health & Business,O19711641837,Mississauga,Mississauga,No
306,National Helicopters Inc,O260020165732,Kleinburg,Kleinburg,Yes
307,National Institute of Hairstyling and Advanced Aesthetics,O19394924959,Brampton,Brampton,No
308,Ner Israel Joseph (J.T.) Tanenbaum Yeshivah College of Toronto,O116453040792,Thornhill,Thornhill,Yes(details)
309,NetPlus College of Information Technology,O19303303802,Scarborough,Scarborough,No
310,Netsoft College of Technology,O255347057587,Mississauga,Mississauga,No
311,Newcastle College of Business & Technology,O139903401892,Mississauga,Mississauga,No
312,NewCastle College of Business and Technology,O139903401892,Brantford,Brantford,No
313,Niagara College Canada,O19396019469,Virgil,Virgil Campus,Yes
314,Niagara College Canada,O19396019469,St. Catharines,St. Catharines Campus,Yes
315,Niagara College Canada,O19396019469,Niagara-On-The-Lake,Niagara-On-The-Lake Campus,Yes
316,Niagara College Canada,O19396019469,Welland,Welland Campus,Yes
317,Niagara College Canada at Toronto School of Management,O146982877972,Toronto,"College Street Campus
Jarvis Street Campus
Eglinton Avenue West Campus
Bathurst Street Campus",No (details)
318,Niagara University,O268049601572,Vaughan,Vaughan,Yes
319,Nipissing University,O19395535971,North Bay,North Bay Campus,Yes
320,Nipissing University,O19395535971,Brantford,Brantford Campus,Yes
321,Nipissing University,O19395535971,Bracebridge,Muskoka Campus,Yes
322,North American Business College of Sciences & Language,O138196078692,Toronto,Scarborough Campus,No
323,North American Business College of Sciences & Language,O138196078692,Mississauga,Mississauga,No
324,North American College of Information Technology,O135829985902,Toronto,"Toronto Campus, Scarborough Campus",No
325,North American College of Pharmaceutical Technology,O19358993982,Scarborough,Scarborough,No
326,North American School of Information Technology Inc. (NASIT),O116453040879,Toronto,Toronto,No
327,Northeastern University,O141550844262,Toronto,King West Main,Yes (Details)
328,Northeastern University,O141550844262,Toronto,Queen West,Yes (Details)
329,Northern College,O19315830082,Kirkland Lake,Kirkland Lake Campus,Yes
330,Northern College,O19315830082,South Porcupine,Timmins Campus,Yes
331,Northern College,O19315830082,Temiskaming Shores,Haileybury Campus,Yes
332,Northern College at Pures College of Technology,O297976998801,Scarborough,Scarborough,No (details)
333,Oakleaf College of Business And Technology,O19799913417,Oakville,Oakville,No
334,OCAD University,O19332928222,Toronto,Ontario College of Art & Design University,Yes
335,OIEG Oxford International Education Group,O19376112172,Toronto,Toronto Campus,No
336,Ontario Association of Jungian Analysts Training Programme,O272546195962,Toronto,Toronto,No
337,Ontario College of Business & Technology,O144539947072,Mississauga,Mississauga,No
338,Ontario College of Health and Technology,O260174251212,Stoney Creek,Stoney Creek,No
339,Ontario College of Management and Technology,O146329267202,Toronto,Toronto,No
340,Ontario College of Technology,O212126071591,Toronto,Toronto,No
341,Ontario College of Traditional Chinese Medicine,O120656139497,Markham,"Markham, Markham Clinic",No
342,Ontario Institute of Audio Recording Technology,O131302443977,London,London,No
343,Ontario Psychotherapy and Counseling Program,O148904735162,Toronto,"Madison Avenue Campus
Bloor Street Campus",No
344,Ontario School of Commerce and Technology,O110096841350,Toronto,Downtown Toronto Campus,No
345,Ontario Tech University,O19315945002,Oshawa,Oshawa,Yes
346,OptionTrain College of Management and Technology,O150238810982,Toronto,Toronto,No
347,Osilla Institute for Health Personnel Ltd.,O152836459432,Toronto,Toronto,No
348,Ottawa School of Art / École d’art d’Ottawa,O19711214477,Ottawa,Ottawa,No
349,Ottawa School of Beauty Limited,O117986383607,Ottawa,Ottawa Academy,No
350,Ottawa School of Beauty Limited,O117986383607,Ottawa,West End Academy,No
351,Ottawa School of Beauty Limited,O117986383607,London,Beauty Academy London,No
352,Our Lady Seat of Wisdom College,O19331501342,Barry’s Bay,Barry’s Bay,Yes(details)
353,"Oxford College of Arts, Business & Technology Inc.",O19375414252,Barrie,Barrie,No
354,"Oxford College of Arts, Business and Technology Inc.",O19375414252,Scarborough,"Scarborough, Toronto, Mississauga, Peterborough, Burlington",No
355,Peak Healthcare Private College,O259226180682,Toronto,Toronto,No
356,Peel College of Professional Studies,O267984044962,Mississauga,Mississauga,No
357,Petrel College of Technology,O246148742007,Toronto,Toronto,No
358,Pharma-Medical Science College of Canada,O19283879782,Toronto,Toronto,No
359,Prime International College of Healthcare and Technology,O152747113602,Toronto,Toronto,No
360,Protégé School,O19332956402,Toronto,Toronto,No
361,Pures College of Technology,O19305393392,Scarborough,Scarborough,No
362,Queen's Language School,O255779881147,Toronto,Toronto,No
363,"Queen’s College of Business, Technology & Public Safety",O119539592517,Mississauga,"Mississauga, Scarborough Campus",No
364,Queen’s University,O19376023352,Kingston,Main Campus,Yes
365,Queen’s University,O19376023352,Toronto,Queen’s School of Business Toronto Facility,Yes
366,Quest Language Studies,O19375993682,Toronto,Toronto,No
367,"RAC Digital Arts College, Recording Arts Canada",O19304530972,Toronto,Toronto,No
368,Redeemer University,O19395677559,Ancaster,Ancaster,Yes(details)
369,Regis College,O19358972972,Toronto,Toronto,Yes
370,Renison University College,O19395281561,Waterloo,Waterloo,Yes
371,Royal Canadian College of Massage Therapy Inc.,O247790815707,Toronto,Toronto,No
372,Royal Canadian Institute of International Studies,O19440339342,Toronto,Toronto,No
373,Royal Crown College of Business and Technology,O242531216037,Markham,Markham,No
374,Royal Military College of Canada,O19993856974,Kingston,Kingston,Yes
375,Rudolf Steiner College Canada for Anthroposophy *Waldorf Education* Arts,O255214515817,Thornhill,Thornhill,No
376,Sault College,O19395677683,Sault Ste. Marie,Main Campus,Yes
377,Sault College,O19395677683,Sudbury,Collège Boréal d’arts appliqués et de technologie (Collaborative),Yes
378,Sault College,O19395677683,Toronto,Collège Boréal d’arts appliqués et de technologie (Collaborative),Yes
379,Sault College of Applied Arts and Technology at Trios College,O264224031432,Brampton,Trios College - Brampton Campus,No (details)
380,Sault College of Applied Arts and Technology at Trios College Business Technology Healthcare Inc.,O146028559284,Toronto,Toronto,No (details)
381,School of Photographic Arts Ottawa,O264423058712,Ottawa,Ottawa,No
382,Seneca College,O19395536013,Markham,Markham Campus,Yes
383,Seneca College,O19395536013,Peterborough,Peterborough Campus,Yes
384,Seneca College,O19395536013,King City,King Campus,Yes
385,Seneca College,O19395536013,Toronto,"Jane Campus, Newnham Campus, Seneca @ York Campus, Yorkgate Campus",Yes
386,Sheridan College,O19385946782,Mississauga,Hazel McCallion Campus,Yes
387,Sheridan College,O19385946782,Brampton,Davis Campus,Yes
388,Sheridan College,O19385946782,Oakville,Oakville - Trafalgar Campus,Yes
389,Sheridan College at Canadian College of Technology and Trades,O158601051382,Fort Erie,Fort Erie,No (details)
390,Six Nations Polytechnic,O19395164991,Ohsweken,Ohsweken,"Yes (details
for Six Nations Polytechnic
)"
391,Sol Schools International,O19517393412,Toronto,Toronto,No
392,Southeast College,O145024872092,Weyburn Estevan,Weyburn Estevan,Yes
393,Southern Ontario Dental College,O110123916630,Ancaster,Ancaster,No
394,Spectrum Airways,O117793705737,Burlington,Burlington,Yes (details)
395,Spectrum Airways,O117793705737,Parry Sound,Parry Sound,"Yes (details
for Flight schools
)"
396,"Springfield College of Healthcare, Management & Technology",O268300833522,Brampton,Brampton,No
397,Sprott Shaw Language College (Ontario) Corp.,O19395083755,Toronto,Toronto,No
398,St. Augustine’s Seminary of Toronto,O19361100382,Toronto,Toronto Campus,Yes
399,St. Augustine’s Seminary of Toronto,O19361100382,Scarborough,Scarborough Campus,Yes
400,St. Clair College,O19395083703,Chatham,Thames Campus,Yes
401,St. Clair College,O19395083703,Windsor,"St. Clair College Centre for the Arts, Windsor Campus",Yes
402,St. Clair College at Ace Acumen Academy,O297981200215,Brampton,Brampton,No (details)
403,St. Clair College at Ace Acumen Academy,O297981200215,Toronto,Toronto,No (details)
404,St. Clair College at Ace Acumen Academy,O297981200215,Mississauga,Mississauga,No (details)
405,St. George International College,O212206178197,Toronto,Toronto,No
406,St. Jerome’s University (University of Waterloo),O19305471522,Waterloo,Waterloo,Yes
407,St. Lawrence College,O19332845222,Brockville,Brockville,Yes
408,St. Lawrence College,O19332845222,Cornwall,Cornwall,Yes
409,St. Lawrence College,O19332845222,Kingston,Kingston,Yes
410,St. Lawrence College at Alpha College of Business and Technology,O297979793412,Scarborough,Scarborough,No (details)
411,St. Paul’s University College (University of Waterloo),O19305471522,Waterloo,Waterloo,Yes
412,St. Philip’s Seminary / The Oratory of St. Philip Neri-Toronto,O111916829547,Toronto,"Dunn Avenue, King Street West",Yes(details)
413,Stanford International College of Business and Technology,O19332546352,Brampton,Brampton,No
414,Stanford International College of Business and Technology,O19332546352,Mississauga,Mississauga,No
415,Stanford International College of Business and Technology,O19332546352,Toronto,"Scarborough Campus, Toronto Campus",No
416,Stratford Air Services Ltd.,O119062742467,Stratford,Stratford,"Yes (details
for Flight schools
)"
417,Sunview College Business Technology Healthcare,O19395164201,Toronto,Toronto,No
418,Sunview College Business Technology Healthcare,O19395164201,Brampton,Brampton,No
419,Sunview College Business Technology Healthcare,O19395164201,Mississauga,Mississauga,No
420,Sunview College Business Technology Healthcare,O19395164201,Scarborough,Scarborough,No
421,"TAHA College of Beauty, Business, Health & Technology",O136467574022,Scarborough,Scarborough,No
422,Tamwood Careers,O19375949112,Toronto,Toronto,No
423,Tamwood International College Ltd.,O19375949112,Toronto,Toronto,No
424,Tamwood Language Centres,O19375949112,Toronto,Toronto,No
425,The Aesthetics and Hairstyling College of Canada,O259416765842,Vaughan,Vaughan,No
426,The Audio Recording Academy (T.A.R.A),O19369394582,Ottawa,Ottawa Campus,No
427,The Automotive Training Centre (Ontario) Ltd.,O19527255662,Toronto,"Toronto Campus, Cambridge Campus",No
428,The Create Institute,O19396261319,Toronto,Toronto,No
429,The Language Gallery,O129472251057,Toronto,Toronto,No
430,The Michener Institute for Applied Health Sciences,O19395677373,Toronto,Toronto,Yes
431,The Royal Conservatory of Music,O19396019573,Toronto,Toronto,Yes(details)
432,The School of Toronto Dance Theatre,O110123589585,Toronto,Toronto,No
433,Thompson Career College of Health and Business,O148513161382,"Mississauga, Markham, London","Mississauga, Markham, London",No
434,Top Toques Institute of Culinary Excellence,O260428979632,Kitchener,Kitchener,No
435,"Torbram College of Business, Technology & Healthcare",O212620403467,Brampton,Brampton,No
436,Toronto Airways Inc.,O19304162252,Markham,Markham,"Yes (details
for Flight schools
)"
437,Toronto Art Therapy Institute,O19395084047,Toronto,Toronto,No
438,Toronto Baptist Seminary and Bible College,O19332993322,Toronto,Toronto,Yes(details)
439,Toronto Business College,O118334609637,Toronto,Toronto,No
440,Toronto College of Dental Hygiene and Auxiliaries Inc.,O19395084089,"Toronto
North York","Toronto Campus
North York",No
441,Toronto Economics and Management College,O142167031052,Toronto,Toronto,No
442,Toronto Film School,O19396019511,Toronto,"460 Yonge Street, Unit 3,
415 Yonge Street, Unit 800,
10 Dundas Street East, Unit 704",Yes (details)
443,Toronto Film School at Yorkville University,O19396019511,Toronto,"460 Yonge Street, Unit 3,
415 Yonge Street, Unit 800,
10 Dundas Street East, Unit 704",Yes (details)
444,Toronto Innovation College,O19361300542,Mississauga,Mississauga,No
445,Toronto Institute of Pharmaceutical Technology,O19517075012,Toronto,Toronto,No
446,Toronto International Business College,O19316512192,Scarborough,"Scarborough, Toronto",No
447,Toronto Metropolitan University (TMU),O19395677651,Toronto,Toronto,Yes
448,Toronto Metropolitan University International College,O265759963292,Toronto,Toronto,No
449,Toronto School of Management,O131394510557,Toronto,Toronto,No
450,Toronto School of Traditional Chinese Medicine,O244866794117,Toronto,Toronto,No
451,Travel College Canada,O19303969142,Toronto,Toronto,No
452,Trebas Institute,O19375919832,Toronto,Toronto,No
453,Trent University,O19395164223,Oshawa,Trent University Durham,Yes
454,Trent University,O19395164223,Peterborough,Main Campus,Yes
455,Trillium College,O19532727322,Oshawa,Oshawa,No
456,Trillium College,O19532727322,St. Catharines,St. Catharines,No
457,Trillium Esthetic & Hair Technology College,O19332628162,Mississauga,Mississauga,No
458,TriOS College Business Technology Healthcare Inc.,O19361101002,Ottawa,Ottawa,No
459,triOS College Business Technology Healthcare Inc.,O19361101002,Brampton,Brampton Campus,No
460,triOS College Business Technology Healthcare Inc.,O19361101002,Hamilton,Hamilton Campus,No
461,triOS College Business Technology Healthcare Inc.,O19361101002,Kitchener,Kitchener Campus,No
462,triOS College Business Technology Healthcare Inc.,O19361101002,London,London Campus,No
463,triOS College Business Technology Healthcare Inc.,O19361101002,Mississauga,Mississauga Campus,No
464,triOS College Business Technology Healthcare Inc.,O19361101002,Windsor,Windsor Campus,No
465,triOS College Business Technology Healthcare Inc.,O19361101002,Toronto,St. Catharines,No
466,Tyndale University,O19711152427,Toronto,Bayview Campus,Yes(details)
467,UMS Healthcare College,O146692187902,North York,,No
468,Université de Hearst,O19395677925,Hearst,Campus de Hearst,Yes
469,Université de Hearst,O19395677925,Kapuskasing,Campus de Kapuskasing,Yes
470,Université de Hearst,O19395677925,Timmins,Campus de Timmins,Yes
471,Université de l'Ontario français,O146030735072,Toronto,Toronto,Yes
472,Université d’Ottawa/University of Ottawa,O19397188593,Ottawa,"Algonquin College of Applied Arts and Technology (Collaborative), La Cité Collégiale (Collaborative), Main Campus",Yes
473,Université d’Ottawa/University of Ottawa,O19397188593,Pembroke,Algonquin College of Applied Arts and Technology (Collaborative),Yes
474,Université d’Ottawa/University of Ottawa,O19397188593,Windsor,Université d’Ottawa/University of Ottawa,Yes
475,Université d’Ottawa/University of Ottawa,O19397188593,Toronto,Université d’Ottawa/University of Ottawa,Yes
476,Université Saint-Paul/St. Paul University,O19395164265,Ottawa,Ottawa,Yes
477,University of Guelph,O19305391192,Guelph,Main Campus,Yes
478,University of Guelph,O19305391192,Toronto,University of Guelph-Humber,Yes
479,University of Guelph,O19305391192,Alfred,Campus d’Alfred,Yes
480,University of Guelph,O19305391192,Kemptville,Kemptville Campus,Yes
481,University of Guelph,O19305391192,Ridgetown,Ridgetown Campus,Yes
482,University of Niagara Falls Canada,O287430643972,Niagara Falls,Niagara Falls,Yes
483,University of St. Michael’s College,O19303916042,Toronto,Toronto,Yes
484,University of Toronto,O19332746152,Mississauga,Mississauga,Yes
485,University of Toronto,O19332746152,Toronto,"Main Campus, Scarborough Campus",Yes
486,University of Trinity College,O211893245447,Toronto,"University of Toronto - Hoskin Avenue, University of Toronto - Devonshire Place",Yes
487,University of Waterloo,O19305471522,Breslau,Wellington Flight Centre Campus (Aviation),Yes
488,University of Waterloo,O19305471522,Cambridge,School of Architecture,Yes
489,University of Waterloo,O19305471522,Waterloo,"Allen Square Campus, Balsillie School of International Affairs, Main Campus",Yes
490,University of Waterloo,O19305471522,Stratford,Stratford Campus,Yes
491,University of Waterloo,O19305471522,Toronto,Master of Taxation Site,Yes
492,University of Windsor,O19358946722,Windsor,Windsor,Yes
493,Upper Highland College of Business and Technology,O19305393392,Mississauga,Mississauga,No
494,Upper Madison College of Advanced Language Learning and Skill Development,O19529728922,Toronto,Advanced Learning Centre,No
495,Victoria College in Victoria University (University of Toronto),O19332746152,Toronto,Toronto,Yes
496,Victoria International College of Business and Technology,O160186511852,Toronto,Toronto,No
497,Waterloo Lutheran Seminary (Wilfred Laurier University),O19395164307,Waterloo,Waterloo,Yes
498,Waterloo Wellington Flight Centre,O19333179582,Breslau,Breslau,"Yes (details
for Flight schools
)"
499,Western University,O19375892122,London,The University of Western Ontario,Yes
500,Westfield English Language School,O269147343492,Toronto,Toronto,No
501,Westfield Institute of Technology,O269147343492,North York,North York,No
502,Wilfrid Laurier International College,O266847818492,Brantford,N/A,No
503,Wilfrid Laurier University,O19395164307,Brantford,Brantford Campus,Yes
504,Wilfrid Laurier University,O19395164307,Kitchener,Kitchener Location,Yes
505,Wilfrid Laurier University,O19395164307,Toronto,Toronto Location,Yes
506,Wilfrid Laurier University,O19395164307,Waterloo,Main Campus,Yes
507,"Willis College of Business, Technology, Healthcare",O19316160382,Ottawa,Ottawa Campus,No
508,Willowbank School of Restoration Arts,O19833559557,Queenston,Queenston,No
509,Windsor Career College,O268556002972,Windsor,"Windsor, Etobicoke",No
510,Word of Life Bible Institute,O132628724777,Owen Sound,Owen Sound,No
511,World Chinese Medicine and Acupuncture College,O262955887992,Scarborough,Scarborough,No
512,Wycliffe College,O19572552822,Toronto,Toronto,Yes
513,York College of Applied Studies,O275157104632,Mississauga,Mississauga,No
514,York Construction Academy,O136037464242,Toronto,Toronto,No
515,York Entrepreneurship Development Institute (YEDI),O152143391102,Toronto,Toronto,No
516,York University,O19361109242,Toronto,"Campus Glendon, Campus principal, Miles S. Nadal Management Centre, Osgoode Hall Law School, Schulich Executive Education (Schulich ExecEd)",Yes
517,Yorkville University,O19396019511,Concord,Concord Campus,"Yes (details
for Yorkville University/Toronto Film School
)"
